City_ID,City,Country,Date,Lat,Lng,Max Temp,Humidity,Cloudiness,Wind Speed
0,Iquitos,PE,2022-03-24 22:22:57,-3.7481,-73.2472,86.04,79,75,4.61
1,Busselton,AU,2022-03-24 22:16:18,-33.65,115.3333,61.07,63,0,12.21
2,Tongliao,CN,2022-03-24 22:22:58,43.6125,122.2653,38.97,28,23,13.11
3,Albany,US,2022-03-24 22:15:40,42.6001,-73.9662,43.66,82,100,3.36
4,Jamestown,US,2022-03-24 22:16:14,42.097,-79.2353,54.52,45,20,11.5
5,Bluff,NZ,2022-03-24 22:17:33,-46.6,168.3333,55.31,65,33,10.07
6,Khatanga,RU,2022-03-24 22:17:43,71.9667,102.5,-8.59,99,100,3.6
7,Hasaki,JP,2022-03-24 22:18:54,35.7333,140.8333,43.2,48,15,4.25
8,Hobart,AU,2022-03-24 22:18:58,-42.8794,147.3294,61.05,79,20,11.5
9,Tasiilaq,GL,2022-03-24 22:17:42,65.6145,-37.6368,21.36,61,97,7.18
10,Ushuaia,AR,2022-03-24 22:12:12,-54.8,-68.3,49.62,61,40,11.5
11,Klaksvik,FO,2022-03-24 22:17:45,62.2266,-6.589,45.52,88,81,11.39
12,Hithadhoo,MV,2022-03-24 22:17:44,-0.6,73.0833,83.61,67,24,19.86
13,Mataura,NZ,2022-03-24 22:16:13,-46.1927,168.8643,57.69,55,5,2.66
14,Pevek,RU,2022-03-24 22:23:00,69.7008,170.3133,5.38,97,99,4.68
15,Lumphat,KH,2022-03-24 22:23:00,13.4878,106.9816,79.11,79,91,1.23
16,Victoria,HK,2022-03-24 22:19:59,22.2855,114.1577,69.96,94,100,15.99
17,Punta Arenas,CL,2022-03-24 22:15:14,-53.15,-70.9167,53.71,50,75,23.02
18,Port Elizabeth,ZA,2022-03-24 22:20:15,-33.918,25.5701,67.1,89,75,13.8
19,Bengkulu,ID,2022-03-24 22:16:22,-3.8004,102.2655,75.04,83,98,4.38
20,Sioux Lookout,CA,2022-03-24 22:23:01,50.1001,-91.917,41.07,52,20,4.61
21,Pierre,US,2022-03-24 22:23:02,44.3683,-100.351,67.28,22,0,14.97
22,Bam,IR,2022-03-24 22:23:02,29.106,58.357,72.1,17,0,7.74
23,Moron,AR,2022-03-24 22:23:03,-34.6534,-58.6198,53.91,94,100,14.52
24,Takoradi,GH,2022-03-24 22:23:03,4.8845,-1.7554,81.23,83,41,6.38
25,Atuona,PF,2022-03-24 22:16:19,-9.8,-139.0333,79.41,76,82,18.05
26,Kagoro,NG,2022-03-24 22:23:04,9.6,8.3833,79.63,16,100,5.39
27,Gornyy,RU,2022-03-24 22:23:04,55.1153,83.9059,8.49,99,80,7.36
28,New Norfolk,AU,2022-03-24 22:16:23,-42.7826,147.0587,60.71,64,83,3.0
29,Ciudad Del Maiz,MX,2022-03-24 22:23:05,22.4,-99.6,70.23,24,0,5.64
30,Lavrentiya,RU,2022-03-24 22:23:05,65.5833,-171.0,4.64,89,15,5.21
31,Upernavik,GL,2022-03-24 22:23:05,72.7868,-56.1549,5.83,74,100,7.63
32,Vaini,TO,2022-03-24 22:20:20,-21.2,-175.2,80.76,89,75,10.36
33,Lata,PT,2022-03-24 22:23:06,40.1629,-8.3327,59.81,86,100,2.33
34,Mangaluru,IN,2022-03-24 22:23:06,12.8667,74.8833,77.86,83,20,0.0
35,Chuy,UY,2022-03-24 22:20:12,-33.6971,-53.4616,68.7,63,55,11.59
36,Hermanus,ZA,2022-03-24 22:16:08,-34.4187,19.2345,59.81,84,100,15.59
37,Rikitea,PF,2022-03-24 22:17:31,-23.1203,-134.9692,79.81,71,100,15.35
38,Hurup,DK,2022-03-24 22:23:07,56.7494,8.4195,41.61,3,9,9.06
39,Porbandar,IN,2022-03-24 22:23:08,21.6422,69.6093,76.21,73,10,9.48
40,Havelock,US,2022-03-24 22:21:42,34.8791,-76.9013,66.2,95,100,11.5
41,Sehithwa,BW,2022-03-24 22:23:08,-20.4667,22.7167,74.39,59,98,3.6
42,Lompoc,US,2022-03-24 22:23:09,34.6391,-120.4579,85.69,66,0,13.8
43,Lorengau,PG,2022-03-24 22:21:39,-2.0226,147.2712,81.34,78,100,2.77
44,Ribeira Grande,PT,2022-03-24 22:20:18,38.5167,-28.7,61.63,85,100,27.94
45,Faanui,PF,2022-03-24 22:23:09,-16.4833,-151.75,81.34,72,74,12.06
46,Pudozh,RU,2022-03-24 22:23:10,61.8099,36.5345,12.33,93,6,3.76
47,Halifax,CA,2022-03-24 22:20:33,44.6453,-63.5724,35.6,69,100,13.8
48,Puerto Ayora,EC,2022-03-24 22:19:03,-0.7393,-90.3518,84.16,75,55,11.39
49,Hofn,IS,2022-03-24 22:24:10,64.2539,-15.2082,41.22,70,100,15.95
50,Tiksi,RU,2022-03-24 22:24:11,71.6872,128.8694,-10.55,97,83,1.39
51,Torbay,CA,2022-03-24 22:20:10,47.6666,-52.7314,29.57,76,100,25.32
52,Lebu,CL,2022-03-24 22:18:53,-37.6167,-73.65,56.28,74,5,27.22
53,Aketi,CD,2022-03-24 22:24:11,2.7388,23.7833,74.68,75,53,2.51
54,Waycross,US,2022-03-24 22:24:12,31.2136,-82.354,61.05,98,100,0.0
55,Kahului,US,2022-03-24 22:18:36,20.8947,-156.47,84.22,42,20,24.16
56,Darhan,MN,2022-03-24 22:24:12,49.4867,105.9228,21.85,80,100,4.7
57,Ilulissat,GL,2022-03-24 22:24:13,69.2167,-51.1,14.02,57,100,2.3
58,Morrinhos,BR,2022-03-24 22:24:13,-17.7311,-49.0994,74.21,71,73,4.45
59,East London,ZA,2022-03-24 22:14:21,-33.0153,27.9116,68.97,77,16,16.02
60,Naze,JP,2022-03-24 22:24:14,28.3667,129.4833,63.52,74,48,17.52
61,Oktyabrskoye,RU,2022-03-24 22:24:14,43.0645,44.7417,30.34,92,97,8.95
62,Vardo,NO,2022-03-24 22:16:20,70.3705,31.1107,24.78,86,100,32.21
63,Kavaratti,IN,2022-03-24 22:21:34,10.5669,72.642,82.24,67,5,5.39
64,Bilibino,RU,2022-03-24 22:24:15,68.0546,166.4372,15.94,92,100,1.52
65,Vila Velha,BR,2022-03-24 22:19:25,-20.3297,-40.2925,76.95,90,45,6.49
66,Port Hardy,CA,2022-03-24 22:24:16,50.6996,-127.4199,46.58,71,100,12.66
67,Nome,US,2022-03-24 22:24:16,64.5011,-165.4064,19.47,58,75,16.11
68,Banda Aceh,ID,2022-03-24 22:24:17,5.5577,95.3222,78.96,81,87,3.51
69,Codrington,AU,2022-03-24 22:21:30,-38.2667,141.9667,58.46,74,65,2.51
70,Qaanaaq,GL,2022-03-24 22:15:17,77.484,-69.3632,-12.77,62,25,7.56
71,Iwanai,JP,2022-03-24 22:24:17,42.9744,140.5089,34.74,87,37,3.02
72,Airai,TL,2022-03-24 22:24:18,-8.9266,125.4092,59.41,93,63,1.21
73,Avarua,CK,2022-03-24 22:16:12,-21.2078,-159.775,82.45,83,75,8.05
74,Krasnorechenskiy,RU,2022-03-24 22:24:18,44.6265,135.3532,29.59,82,100,2.42
75,Dangriga,BZ,2022-03-24 22:24:19,16.9692,-88.2321,80.08,79,34,8.99
76,Saint George,US,2022-03-24 22:20:35,37.1041,-113.5841,80.44,13,0,5.99
77,Ligayan,PH,2022-03-24 22:24:19,4.6533,119.4706,82.71,72,59,3.36
78,Port Lincoln,AU,2022-03-24 22:15:38,-34.7333,135.8667,61.21,71,6,7.87
79,Valdivia,CL,2022-03-24 22:20:40,-39.8142,-73.2459,62.69,53,6,5.14
80,Wschowa,PL,2022-03-24 22:24:20,51.807,16.3166,43.88,48,0,0.45
81,Utevka,RU,2022-03-24 22:24:21,52.9035,50.9495,32.32,91,100,7.87
82,Kruisfontein,ZA,2022-03-24 22:19:01,-34.0033,24.7314,64.89,89,15,10.92
83,Reconquista,AR,2022-03-24 22:24:21,-29.15,-59.65,59.9,64,0,7.47
84,Nikolskoye,RU,2022-03-24 22:18:49,59.7035,30.7861,39.87,100,100,2.39
85,Charters Towers,AU,2022-03-24 22:24:22,-20.1,146.2667,71.6,73,11,7.11
86,Kodiak,US,2022-03-24 22:16:15,57.79,-152.4072,36.91,87,100,9.22
87,Preobrazheniye,RU,2022-03-24 22:24:22,42.9019,133.9064,36.77,81,100,1.57
88,Castro,BR,2022-03-24 22:20:11,-24.7911,-50.0119,66.02,95,11,5.17
89,Ziarat,PK,2022-03-24 22:24:23,30.3823,67.7282,49.03,25,0,8.39
90,Sovetskiy,RU,2022-03-24 22:24:24,61.3614,63.5842,31.8,96,100,14.7
91,Nouadhibou,MR,2022-03-24 22:24:24,20.931,-17.0347,64.38,63,0,21.85
92,Inhambane,MZ,2022-03-24 22:24:25,-23.865,35.3833,76.84,86,0,12.91
93,Korla,CN,2022-03-24 22:24:25,41.7597,86.1469,36.41,50,0,0.96
94,Barrow,US,2022-03-24 22:16:26,71.2906,-156.7887,1.42,71,0,18.41
95,Sur,OM,2022-03-24 22:25:26,22.5667,59.5289,81.54,36,0,8.03
96,Paamiut,GL,2022-03-24 22:25:26,61.994,-49.6678,15.46,82,1,5.99
97,Melita,CA,2022-03-24 22:25:26,49.2681,-100.9967,39.54,85,90,22.24
98,Hambantota,LK,2022-03-24 22:25:27,6.1241,81.1185,77.72,82,61,8.16
99,Nuuk,GL,2022-03-24 22:22:13,64.1835,-51.7216,18.21,73,40,8.05
100,Kui Buri,TH,2022-03-24 22:25:28,12.0828,99.8543,81.99,88,67,4.23
101,Harper,LR,2022-03-24 22:25:28,4.375,-7.7169,80.01,86,16,5.61
102,Barkot,IN,2022-03-24 22:25:28,30.8167,78.2,55.26,46,0,5.39
103,Adwa,ET,2022-03-24 22:25:29,14.1646,38.8955,66.67,47,2,1.7
104,Cabo San Lucas,MX,2022-03-24 22:17:37,22.8909,-109.9124,81.61,48,52,7.0
105,Chapais,CA,2022-03-24 22:25:29,49.7834,-74.8492,28.18,97,100,11.5
106,Saldanha,ZA,2022-03-24 22:25:31,-33.0117,17.9442,59.05,86,0,21.92
107,Nyandoma,RU,2022-03-24 22:25:31,61.669,40.1991,12.81,96,31,4.68
108,Cherskiy,RU,2022-03-24 22:16:15,68.75,161.3,10.17,93,100,6.51
109,Riachao,BR,2022-03-24 22:25:32,-7.3619,-46.6172,73.8,92,100,4.7
110,Ayan,RU,2022-03-24 22:25:32,56.45,138.1667,12.07,86,19,3.91
111,Cape Town,ZA,2022-03-24 22:15:28,-33.9258,18.4232,63.27,75,20,18.41
112,Hami,CN,2022-03-24 22:25:33,42.8,93.45,36.43,30,11,6.73
113,Los Llanos De Aridane,ES,2022-03-24 22:16:30,28.6585,-17.9182,57.13,77,0,4.61
114,Orzu,TJ,2022-03-24 22:25:33,37.5593,68.8184,46.8,62,0,4.32
115,San Angelo,US,2022-03-24 22:25:31,31.4638,-100.437,79.02,9,0,12.66
116,Nanortalik,GL,2022-03-24 22:16:21,60.1432,-45.2371,28.2,78,100,8.08
117,Provideniya,RU,2022-03-24 22:21:26,64.3833,-173.3,14.36,67,0,11.18
118,Bredasdorp,ZA,2022-03-24 22:16:12,-34.5322,20.0403,63.73,75,100,13.04
119,San Patricio,US,2022-03-24 22:21:32,28.017,-97.5169,81.07,13,0,13.98
120,Amuntai,ID,2022-03-24 22:25:36,-2.4177,115.2494,73.47,91,84,1.36
121,Asyut,EG,2022-03-24 22:25:36,27.181,31.1837,53.55,37,0,7.9
122,Nelson Bay,AU,2022-03-24 22:25:37,-32.7167,152.15,73.99,96,99,1.01
123,Pangnirtung,CA,2022-03-24 22:17:30,66.1451,-65.7125,15.8,79,100,17.27
124,Dunedin,NZ,2022-03-24 22:25:38,-45.8742,170.5036,57.29,68,12,0.36
125,Miyako,JP,2022-03-24 22:25:38,39.6367,141.9525,38.32,81,17,3.8
126,Assiniboia,CA,2022-03-24 22:22:40,49.6334,-105.9845,37.22,65,100,28.77
127,Saint-Philippe,RE,2022-03-24 22:21:26,-21.3585,55.7679,74.79,83,40,9.51
128,Fairbanks,US,2022-03-24 22:15:32,64.8378,-147.7164,32.0,39,0,11.5
129,Berlevag,NO,2022-03-24 22:25:39,70.8578,29.0864,28.35,80,40,35.68
130,Esperance,AU,2022-03-24 22:25:39,-33.8667,121.9,55.24,83,0,12.3
131,Tuktoyaktuk,CA,2022-03-24 22:16:22,69.4541,-133.0374,-11.2,70,20,12.66
132,Hilo,US,2022-03-24 22:21:22,19.7297,-155.09,80.33,68,0,12.66
133,Raga,SS,2022-03-24 22:16:19,8.4596,25.678,82.2,29,34,4.05
134,Nakonde,ZM,2022-03-24 22:25:40,-9.3421,32.745,58.59,93,66,1.9
135,Juba,SS,2022-03-24 22:25:41,4.8517,31.5825,82.36,42,55,6.13
136,Mahebourg,MU,2022-03-24 22:25:41,-20.4081,57.7,79.09,89,40,6.91
137,Maniitsoq,GL,2022-03-24 22:21:30,65.4167,-52.9,15.46,72,100,6.49
138,Port Alfred,ZA,2022-03-24 22:16:17,-33.5906,26.891,67.71,84,47,15.5
139,Malakal,SS,2022-03-24 22:26:42,9.5334,31.6605,87.15,12,5,10.36
140,Meulaboh,ID,2022-03-24 22:26:42,4.1363,96.1285,76.59,90,17,3.89
141,Tingi,TZ,2022-03-24 22:26:43,-11.3,35.0333,63.72,94,41,2.26
142,Rawlins,US,2022-03-24 22:23:38,41.7911,-107.2387,57.34,33,20,20.71
143,Sitka,US,2022-03-24 22:26:43,57.0531,-135.33,46.29,61,100,11.5
144,Ambovombe,MG,2022-03-24 22:26:44,-25.1667,46.0833,73.98,88,3,3.15
145,Bambous Virieux,MU,2022-03-24 22:26:44,-20.3428,57.7575,79.05,89,40,6.91
146,Leningradskiy,RU,2022-03-24 22:19:06,69.3833,178.4167,-9.8,100,100,6.98
147,Marsh Harbour,BS,2022-03-24 22:26:45,26.5412,-77.0636,77.05,79,6,19.26
148,Ruteng,ID,2022-03-24 22:26:45,-8.6136,120.4721,61.84,89,78,0.96
149,Norman Wells,CA,2022-03-24 22:21:37,65.282,-126.8329,5.04,56,75,9.22
150,Serenje,ZM,2022-03-24 22:26:46,-13.2325,30.2352,62.74,97,98,3.11
151,Ouadda,CF,2022-03-24 22:26:46,8.0777,22.4007,73.76,57,44,2.53
152,Kapaa,US,2022-03-24 22:26:47,22.0752,-159.319,80.58,78,75,16.11
153,Puerto Baquerizo Moreno,EC,2022-03-24 22:26:47,-0.9,-89.6,83.39,70,75,9.22
154,Dikson,RU,2022-03-24 22:26:47,73.5069,80.5464,9.27,91,93,15.84
155,Yulara,AU,2022-03-24 22:23:14,-25.2406,130.9889,69.64,60,0,6.91
156,Anloga,GH,2022-03-24 22:26:48,5.7947,0.8973,83.26,80,74,8.08
157,Ahipara,NZ,2022-03-24 22:26:48,-35.1667,173.1667,65.89,86,100,16.84
158,Sorland,NO,2022-03-24 22:26:49,67.667,12.6934,34.75,58,100,6.6
159,College,US,2022-03-24 22:26:49,64.8569,-147.8028,31.98,41,75,11.5
160,Sao Filipe,CV,2022-03-24 22:17:47,14.8961,-24.4956,70.88,70,1,12.75
161,Tessalit,ML,2022-03-24 22:26:50,20.1986,1.0114,81.3,9,73,6.91
162,Zhezkazgan,KZ,2022-03-24 22:26:50,47.8043,67.7144,17.42,99,62,3.15
163,Hamilton,US,2022-03-24 22:26:01,39.1834,-84.5333,53.89,51,100,14.97
164,Caravelas,BR,2022-03-24 22:26:51,-17.7125,-39.2481,76.33,86,16,5.37
165,Narsaq,GL,2022-03-24 22:17:46,60.9167,-46.05,35.82,72,100,6.08
166,Melilla,ES,2022-03-24 22:26:51,35.2937,-2.9383,61.18,88,100,2.3
167,Huarmey,PE,2022-03-24 22:26:52,-10.0681,-78.1522,73.38,77,87,10.0
168,Vostok,RU,2022-03-24 22:25:01,46.4856,135.8833,22.5,91,100,3.94
169,Olinda,BR,2022-03-24 22:24:52,-8.0089,-34.8553,80.24,74,100,8.79
170,Ayagoz,KZ,2022-03-24 22:26:53,47.9714,80.4392,13.21,91,90,7.56
171,Alofi,NU,2022-03-24 22:26:53,-19.0595,-169.9187,75.09,94,100,9.22
172,Sistranda,NO,2022-03-24 22:26:54,63.7256,8.834,44.56,88,100,39.84
173,Acarau,BR,2022-03-24 22:26:54,-2.8856,-40.12,78.42,85,34,8.55
174,Black River,JM,2022-03-24 22:26:54,18.0264,-77.8487,83.17,54,27,19.89
175,Chokurdakh,RU,2022-03-24 22:19:01,70.6333,147.9167,-14.39,100,94,2.46
176,Kozhva,RU,2022-03-24 22:26:55,65.1073,57.0459,15.85,93,100,9.91
177,Waipawa,NZ,2022-03-24 22:26:55,-41.4122,175.5153,55.62,96,100,20.47
178,Hefei,CN,2022-03-24 22:24:23,31.8639,117.2808,55.42,100,40,11.18
179,Ust-Maya,RU,2022-03-24 22:26:56,60.4167,134.5333,-3.59,100,92,1.68
180,Cap Malheureux,MU,2022-03-24 22:26:56,-19.9842,57.6142,77.47,85,12,13.42
181,Lakes Entrance,AU,2022-03-24 22:26:57,-37.8811,147.981,62.17,74,7,5.32
182,Katsuura,JP,2022-03-24 22:19:05,35.1333,140.3,52.45,63,4,5.44
183,Tashigang,BT,2022-03-24 22:26:57,27.3331,91.5542,57.11,50,68,4.54
184,Sobolevo,RU,2022-03-24 22:27:58,54.4299,31.8996,21.88,97,34,4.92
185,Yumen,CN,2022-03-24 22:27:58,40.2833,97.2,33.58,47,99,8.05
186,Saint-Hyacinthe,CA,2022-03-24 22:27:59,45.6168,-72.9491,44.58,91,100,4.59
187,Arraial Do Cabo,BR,2022-03-24 22:19:04,-22.9661,-42.0278,76.89,81,0,25.01
188,Carauari,BR,2022-03-24 22:27:59,-4.8828,-66.8958,78.64,94,92,2.57
189,Kununurra,AU,2022-03-24 22:23:18,-15.7667,128.7333,80.58,89,95,4.61
190,Saskylakh,RU,2022-03-24 22:28:00,71.9167,114.0833,-24.14,100,97,3.31
191,Kontagora,NG,2022-03-24 22:28:00,10.3999,5.4695,85.89,14,83,5.28
192,Tres Arroyos,AR,2022-03-24 22:28:01,-38.3739,-60.2798,63.97,91,100,6.55
193,Anadyr,RU,2022-03-24 22:28:01,64.75,177.4833,7.3,84,20,6.71
194,Carnarvon,AU,2022-03-24 22:28:02,-24.8667,113.6333,80.67,57,89,5.75
195,Taltal,CL,2022-03-24 22:28:02,-25.4,-70.4833,67.46,74,22,5.95
196,Vestmannaeyjar,IS,2022-03-24 22:28:02,63.4427,-20.2734,42.93,75,100,2.26
197,Dwarka,IN,2022-03-24 22:28:03,22.2394,68.9678,76.51,78,3,10.63
198,Flinders,AU,2022-03-24 22:28:03,-34.5833,150.8552,65.48,94,97,4.0
199,Arlit,NE,2022-03-24 22:28:04,18.7369,7.3853,81.7,11,89,2.82
200,Novomykolayivka,UA,2022-03-24 22:28:04,47.9781,35.9102,35.8,60,0,5.08
201,Saint-Joseph,RE,2022-03-24 22:28:04,-21.3667,55.6167,73.78,83,22,8.28
202,Ixtapa,MX,2022-03-24 22:28:05,20.7,-105.2,74.43,57,0,11.5
203,Tifton,US,2022-03-24 22:28:05,31.4505,-83.5085,64.36,53,100,3.44
204,Aklavik,CA,2022-03-24 22:18:55,68.2191,-135.0107,-2.2,60,0,5.75
205,Noumea,NC,2022-03-24 22:28:06,-22.2763,166.4572,82.38,99,100,8.55
206,Tecpan,GT,2022-03-24 22:27:24,14.7623,-90.9947,60.8,74,100,2.86
207,Rio Gallegos,AR,2022-03-24 22:24:01,-51.6226,-69.2181,59.05,36,40,5.75
208,Bengbu,CN,2022-03-24 22:28:07,32.9408,117.3608,55.45,97,100,9.06
209,Ayr,GB,2022-03-24 22:23:56,55.4627,-4.6339,46.31,93,100,3.44
210,Praia,CV,2022-03-24 22:25:18,14.9215,-23.5087,68.54,73,20,21.85
211,North Bend,US,2022-03-24 22:28:07,43.4065,-124.2243,68.23,82,0,9.22
212,Sumenep,ID,2022-03-24 22:28:08,-7.0167,113.8667,78.33,86,100,3.76
213,Port Hedland,AU,2022-03-24 22:21:40,-20.3167,118.5667,80.65,74,48,9.22
214,Chaykovskaya,RU,2022-03-24 22:28:09,58.1279,55.5378,33.69,88,93,12.84
215,Aden,YE,2022-03-24 22:24:30,12.7794,45.0367,78.51,81,45,10.29
216,Phan Thiet,VN,2022-03-24 22:23:54,10.9333,108.1,78.15,87,4,4.9
217,Priargunsk,RU,2022-03-24 22:28:09,50.3691,119.1012,24.17,86,100,4.85
218,Thompson,CA,2022-03-24 22:20:14,55.7435,-97.8558,37.56,70,75,11.5
219,Chilca,PE,2022-03-24 22:28:10,-12.5211,-76.7372,69.64,85,63,4.43
220,Guerrero Negro,MX,2022-03-24 22:28:11,27.9769,-114.0611,83.46,15,3,11.52
221,Xaxim,BR,2022-03-24 22:28:11,-26.9617,-52.5347,63.46,98,98,2.35
222,Berdigestyakh,RU,2022-03-24 22:28:11,62.0989,126.6992,-5.35,100,95,1.77
223,Zhangjiakou,CN,2022-03-24 22:28:12,40.81,114.8794,34.84,47,100,7.31
224,Petropavlovsk-Kamchatskiy,RU,2022-03-24 22:28:12,53.0452,158.6483,21.79,68,0,8.95
225,Kalemie,CD,2022-03-24 22:28:13,-5.9475,29.1947,70.52,85,64,1.05
226,Luganville,VU,2022-03-24 22:28:13,-15.5333,167.1667,82.09,80,99,2.84
227,Ostrovnoy,RU,2022-03-24 22:28:13,68.0531,39.5131,11.68,87,100,11.41
228,Carballo,ES,2022-03-24 22:24:51,43.213,-8.691,54.82,74,0,4.23
229,Ambatofinandrahana,MG,2022-03-24 22:29:14,-20.55,46.8,61.07,94,38,1.74
230,Ojinaga,MX,2022-03-24 22:29:14,29.5667,-104.4167,79.57,14,0,11.5
231,El Sauzal,MX,2022-03-24 22:29:15,31.9,-116.6833,67.42,76,13,7.54
232,Kaya,BF,2022-03-24 22:29:16,13.0917,-1.0844,86.7,11,1,5.53
233,Batemans Bay,AU,2022-03-24 22:29:17,-35.7167,150.1833,65.91,90,96,5.91
234,Myitkyina,MM,2022-03-24 22:29:17,25.3833,97.4,62.92,97,21,1.14
235,Zabol,AF,2022-03-24 22:29:17,32.25,67.25,54.07,27,0,6.67
236,Aykhal,RU,2022-03-24 22:29:18,66.0,111.5,-3.26,84,100,5.08
237,Prince Rupert,CA,2022-03-24 22:29:18,54.3161,-130.3201,48.29,53,0,19.57
238,Haysyn,UA,2022-03-24 22:29:19,48.8114,29.3898,38.86,68,64,8.12
239,Patacamaya,BO,2022-03-24 22:29:19,-17.2333,-67.9167,51.98,73,86,5.06
240,Monrovia,LR,2022-03-24 22:29:19,6.3005,-10.7969,79.79,89,14,7.34
241,Tiznit,MA,2022-03-24 22:29:20,29.5833,-9.5,52.63,91,80,11.14
242,Mar Del Plata,AR,2022-03-24 22:29:20,-38.0023,-57.5575,66.87,67,0,4.61
243,Mosquera,CO,2022-03-24 22:27:17,4.7059,-74.2302,64.49,59,40,6.91
244,San Andres,CO,2022-03-24 22:29:21,12.5847,-81.7006,84.22,70,20,16.11
245,Naregal,IN,2022-03-24 22:29:21,15.5833,75.8167,77.36,61,58,4.63
246,Sarakhs,IR,2022-03-24 22:29:22,36.5449,61.1577,48.34,71,79,6.91
247,Kirakira,SB,2022-03-24 22:29:22,-10.4544,161.9205,82.44,76,70,2.35
248,Broken Hill,AU,2022-03-24 22:29:23,-31.95,141.4333,55.11,62,0,10.36
249,Huescar,ES,2022-03-24 22:29:23,37.811,-2.5412,47.26,89,100,20.0
250,Nelson,NZ,2022-03-24 22:29:23,-41.2833,173.2833,70.29,86,100,1.01
251,Lyudinovo,RU,2022-03-24 22:29:25,53.8664,34.4478,34.16,93,100,3.96
252,Skibbereen,IE,2022-03-24 22:29:25,51.55,-9.2667,47.7,82,97,2.62
253,Ghanzi,BW,2022-03-24 22:29:26,-21.5667,21.7833,73.78,51,100,1.36
254,Gushikawa,JP,2022-03-24 22:29:26,26.3544,127.8686,69.39,68,100,17.27
255,Puri,IN,2022-03-24 22:29:27,19.8,85.85,79.32,89,47,16.58
256,Kropotkin,RU,2022-03-24 22:29:27,45.4375,40.5756,35.65,93,100,6.42
257,Salinopolis,BR,2022-03-24 22:29:27,-0.6136,-47.3561,76.55,91,99,10.96
258,Jalu,LY,2022-03-24 22:29:28,29.0331,21.5482,55.31,39,2,6.02
259,Saint-Augustin,CA,2022-03-24 22:29:28,51.226,-58.6502,24.84,87,49,5.28
260,Felipe Carrillo Puerto,MX,2022-03-24 22:29:29,19.5833,-88.05,87.35,51,67,3.49
261,Iqaluit,CA,2022-03-24 22:29:29,63.7506,-68.5145,15.53,61,75,16.11
262,Port Keats,AU,2022-03-24 22:29:29,-14.25,129.55,81.0,82,80,3.04
263,Gbely,SK,2022-03-24 22:29:30,48.718,17.1163,46.81,57,0,5.1
264,Puerto Escondido,MX,2022-03-24 22:29:30,15.85,-97.0667,83.89,68,75,6.11
265,Haines Junction,CA,2022-03-24 22:29:31,60.7522,-137.5108,39.15,41,100,8.05
266,Pimentel,PE,2022-03-24 22:29:31,-6.8367,-79.9342,77.29,57,0,18.41
267,Bonavista,CA,2022-03-24 22:29:31,48.6499,-53.1147,28.67,79,95,31.36
268,Itarema,BR,2022-03-24 22:21:43,-2.9248,-39.9167,78.62,83,46,8.84
269,Matadi,CD,2022-03-24 22:29:32,-5.8167,13.45,78.51,92,35,3.69
270,Guerande,FR,2022-03-24 22:29:32,47.3291,-2.4283,53.02,75,0,10.76
271,Hovd,MN,2022-03-24 22:29:33,48.0056,91.6419,18.23,35,78,7.11
272,Bonthe,SL,2022-03-24 22:29:33,7.5264,-12.505,78.4,86,54,7.34
273,Piriyapatna,IN,2022-03-24 22:29:34,12.3397,76.0992,71.8,85,95,2.84
274,Cartagena,CO,2022-03-24 22:29:17,10.3997,-75.5144,85.62,62,20,12.66
275,Udachnyy,RU,2022-03-24 22:30:34,66.4167,112.4,-5.73,94,100,3.94
276,Turukhansk,RU,2022-03-24 22:30:35,65.8167,87.9833,8.76,95,94,7.74
277,Mabaruma,GY,2022-03-24 22:30:35,8.2,-59.7833,73.45,97,100,5.66
278,Leshukonskoye,RU,2022-03-24 22:30:35,64.8989,45.7622,17.06,79,9,9.53
279,Suntar,RU,2022-03-24 22:30:36,62.1444,117.6319,9.07,96,99,2.75
280,Ayorou,NE,2022-03-24 22:30:36,14.7308,0.9174,89.58,10,20,11.72
281,Port Blair,IN,2022-03-24 22:30:37,11.6667,92.75,79.43,78,5,2.98
282,Sargatskoye,RU,2022-03-24 22:30:37,55.6101,73.4972,11.97,96,67,8.19
283,Xining,CN,2022-03-24 22:30:38,36.6167,101.7667,32.54,61,99,2.13
284,Mulanje,MW,2022-03-24 22:30:38,-16.0316,35.5,69.37,93,2,4.5
285,Komsomolskiy,UZ,2022-03-24 22:30:39,40.4272,71.7189,41.72,87,75,4.61
286,Baghdad,IQ,2022-03-24 22:30:39,33.3406,44.4009,51.71,37,0,2.3
287,Half Moon Bay,US,2022-03-24 22:29:26,37.4636,-122.4286,78.89,73,20,24.16
288,Severnyy,RU,2022-03-24 22:30:40,50.677,36.5532,41.04,33,0,8.95
289,Mayya,RU,2022-03-24 22:30:41,61.7333,130.2811,-0.69,95,95,3.09
290,Avera,US,2022-03-24 22:30:42,33.194,-82.5271,64.45,62,100,6.17
291,Gannan,CN,2022-03-24 22:30:46,47.9147,123.5031,33.08,98,100,10.02
292,Morondava,MG,2022-03-24 22:30:46,-20.2833,44.2833,80.1,81,18,1.77
293,Antalaha,MG,2022-03-24 22:30:47,-14.9003,50.2788,75.38,91,100,5.3
294,Portland,US,2022-03-24 22:26:31,45.5234,-122.6762,67.33,47,40,8.05
295,Talnakh,RU,2022-03-24 22:30:48,69.4865,88.3972,11.21,93,99,10.07
296,Yellowknife,CA,2022-03-24 22:30:48,62.456,-114.3525,7.41,58,0,13.8
297,Pedernales,DO,2022-03-24 22:30:49,18.0384,-71.744,82.02,48,2,19.95
298,Machhlishahr,IN,2022-03-24 22:30:49,25.6833,82.4167,75.76,20,8,3.87
299,Campina Verde,BR,2022-03-24 22:30:49,-19.5356,-49.4864,77.13,65,67,3.53
300,Butaritari,KI,2022-03-24 22:30:50,3.0707,172.7902,80.6,71,97,13.8
301,Vilyuysk,RU,2022-03-24 22:30:50,63.7553,121.6247,-5.55,100,100,1.54
302,Baykit,RU,2022-03-24 22:30:51,61.67,96.37,3.61,99,100,1.61
303,Ferrol,ES,2022-03-24 22:30:51,43.4832,-8.2369,54.27,69,0,8.57
304,Belyy Yar,RU,2022-03-24 22:30:52,53.6039,91.3903,26.49,66,0,6.71
305,San Cristobal,VE,2022-03-24 22:30:52,7.7669,-72.225,77.18,55,36,1.5
306,Bertoua,CM,2022-03-24 22:30:53,4.5833,13.6833,75.04,69,92,3.13
307,Athens,GR,2022-03-24 22:30:25,37.9795,23.7162,56.23,56,0,5.99
308,Cayenne,GF,2022-03-24 22:30:53,4.9333,-52.3333,79.09,1,100,5.99
309,Matara,LK,2022-03-24 22:30:54,5.9485,80.5353,75.79,87,28,5.01
310,Ponta Do Sol,PT,2022-03-24 22:21:32,32.6667,-17.1,63.01,73,60,3.76
311,Beyneu,KZ,2022-03-24 22:30:54,45.3167,55.2,36.07,71,97,15.48
312,Kemin,KG,2022-03-24 22:30:55,42.7846,75.6892,31.91,97,100,3.42
313,Mutuipe,BR,2022-03-24 22:30:55,-13.2286,-39.5047,70.43,98,26,2.55
314,Batagay,RU,2022-03-24 22:30:56,67.6333,134.6333,1.02,91,98,2.98
315,Bethel,US,2022-03-24 22:30:56,41.3712,-73.414,45.01,92,100,6.91
316,Hobyo,SO,2022-03-24 22:30:56,5.3505,48.5268,80.44,79,7,9.73
317,Alyangula,AU,2022-03-24 22:30:57,-13.8483,136.4192,78.67,89,40,3.44
318,Tomatlan,MX,2022-03-24 22:31:57,19.9333,-105.25,83.52,26,0,6.76
319,Longyearbyen,SJ,2022-03-24 22:22:05,78.2186,15.6401,-0.56,60,40,8.05
320,Sao Joao Da Barra,BR,2022-03-24 22:31:58,-21.6403,-41.0511,76.86,80,29,12.97
321,Saint-Francois,FR,2022-03-24 22:31:58,46.4154,3.9054,40.68,75,0,2.3
322,Grindavik,IS,2022-03-24 22:31:59,63.8424,-22.4338,37.87,93,0,6.91
323,Kieta,PG,2022-03-24 22:31:59,-6.2167,155.6333,83.37,76,100,3.83
324,Wanning,CN,2022-03-24 22:31:59,18.8003,110.3967,76.75,93,19,7.9
325,Nanga Eboko,CM,2022-03-24 22:32:00,4.6833,12.3667,78.89,49,94,2.51
326,Lae,PG,2022-03-24 22:32:00,-6.7221,146.9847,75.87,84,100,4.43
327,Sisimiut,GL,2022-03-24 22:32:01,66.9395,-53.6735,15.28,66,100,6.98
328,Plettenberg Bay,ZA,2022-03-24 22:32:01,-34.0527,23.3716,62.94,91,50,14.2
329,Alta Floresta,BR,2022-03-24 22:32:01,-9.8756,-56.0861,74.14,93,69,1.61
330,Touros,BR,2022-03-24 22:32:02,-5.1989,-35.4608,79.59,82,59,9.24
331,Sulangan,PH,2022-03-24 22:32:02,11.1373,123.7228,81.14,80,72,10.96
332,Funadhoo,MV,2022-03-24 22:32:03,6.15,73.2667,82.26,64,12,10.85
333,Bara,NG,2022-03-24 22:32:03,10.3744,10.7288,83.71,17,85,11.68
334,Okhotsk,RU,2022-03-24 22:32:04,59.3833,143.3,6.4,89,56,9.71
335,Venosa,IT,2022-03-24 22:32:04,40.9613,15.8149,41.41,74,0,6.06
336,Razole,IN,2022-03-24 22:32:04,16.4833,81.8333,75.09,95,12,1.92
337,Amapa,BR,2022-03-24 22:32:05,1.0,-52.0,72.59,97,100,3.74
338,Praia Da Vitoria,PT,2022-03-24 22:32:05,38.7333,-27.0667,61.05,82,40,20.62
339,Vryburg,ZA,2022-03-24 22:32:06,-26.9566,24.7284,63.52,53,74,2.75
340,Geraldton,AU,2022-03-24 22:32:06,-28.7667,114.6,84.61,28,73,14.97
341,Kalang,PH,2022-03-24 22:32:07,5.9197,121.3631,80.46,78,93,4.68
342,Ancud,CL,2022-03-24 22:32:07,-41.8697,-73.8203,52.39,85,9,3.74
343,Victor Harbor,AU,2022-03-24 22:32:07,-35.5667,138.6167,62.01,75,27,9.1
344,Blackfoot,US,2022-03-24 22:29:01,43.1905,-112.345,64.06,35,4,11.97
345,Natchez,US,2022-03-24 22:32:08,31.5604,-91.4032,70.02,32,0,16.11
346,Ahmadpur East,PK,2022-03-24 22:32:09,29.1431,71.2598,75.43,20,0,1.74
347,Stornoway,GB,2022-03-24 22:32:09,58.2093,-6.3865,48.92,92,100,10.36
348,Asilah,MA,2022-03-24 22:32:09,35.465,-6.0348,51.76,88,91,4.41
349,Novo Aripuana,BR,2022-03-24 22:32:10,-5.1206,-60.3797,76.39,95,98,2.37
350,Coquimbo,CL,2022-03-24 22:30:17,-29.9533,-71.3436,62.33,77,0,11.5
351,Karlstad,SE,2022-03-24 22:32:11,59.3793,13.5036,41.56,87,19,5.75
352,Kouroussa,GN,2022-03-24 22:32:11,10.65,-9.8833,81.36,60,81,6.33
353,Talcher,IN,2022-03-24 22:32:11,20.95,85.2167,71.04,94,56,3.04
354,Zhigansk,RU,2022-03-24 22:32:12,66.7697,123.3711,-7.06,100,69,4.36
355,Daru,PG,2022-03-24 22:32:12,-9.0763,143.2092,77.47,90,100,1.14
356,Bagan,RU,2022-03-24 22:32:13,54.1001,77.6646,13.82,98,78,7.81
357,Chifeng,CN,2022-03-24 22:31:12,42.2683,118.9636,38.7,20,99,6.62
358,Kurilsk,RU,2022-03-24 22:32:13,45.2333,147.8833,31.98,90,100,2.33
359,Santa Helena De Goias,BR,2022-03-24 22:31:48,-17.8136,-50.5969,76.03,74,61,2.26
360,Isangel,VU,2022-03-24 22:32:14,-19.55,169.2667,82.08,72,36,13.78
361,Wamba,NG,2022-03-24 22:32:14,8.9333,8.6,83.01,15,99,3.51
362,Sahuaripa,MX,2022-03-24 22:32:15,29.05,-109.2333,88.57,4,0,4.97
363,Acapulco,MX,2022-03-24 22:32:15,16.8634,-99.8901,84.02,58,0,10.36
364,Christchurch,NZ,2022-03-24 22:29:12,-43.5333,172.6333,60.01,72,100,10.36
365,Puro,PH,2022-03-24 22:32:16,12.4841,123.3827,80.49,82,75,8.97
366,Yinchuan,CN,2022-03-24 22:32:16,38.4681,106.2731,46.54,15,100,6.62
367,Broome,US,2022-03-24 22:32:16,42.2506,-75.833,54.37,83,20,11.5
368,Abalak,RU,2022-03-24 22:33:17,58.1286,68.5944,28.04,97,100,12.64
369,Cidreira,BR,2022-03-24 22:33:17,-30.1811,-50.2056,72.32,92,100,6.38
370,Balezino,RU,2022-03-24 22:33:18,57.9796,53.0106,32.38,98,93,15.9
371,Sola,VU,2022-03-24 22:33:18,-13.8833,167.55,82.51,71,86,11.07
372,Lekoni,GA,2022-03-24 22:33:19,-1.5843,14.2591,80.58,57,3,2.39
373,Guanica,PR,2022-03-24 22:33:19,17.9716,-66.908,81.12,71,4,16.87
374,Masuguru,TZ,2022-03-24 22:33:19,-11.3667,38.4167,72.01,96,4,2.01
375,Talakan,RU,2022-03-24 22:33:20,50.3167,130.3667,24.91,86,100,7.74
376,Kuytun,RU,2022-03-24 22:33:20,54.3419,101.5036,-7.56,99,87,1.39
377,Dingle,PH,2022-03-24 22:33:21,10.9995,122.6711,79.32,84,100,7.92
378,Faya,SA,2022-03-24 22:33:21,18.3851,42.4509,54.12,26,3,2.55
379,Menomonie,US,2022-03-24 22:33:21,44.8755,-91.9193,42.28,70,100,6.91
380,Pisco,PE,2022-03-24 22:33:22,-13.7,-76.2167,71.65,68,0,21.85
381,Bathsheba,BB,2022-03-24 22:33:22,13.2167,-59.5167,79.41,69,40,24.16
382,Yucca Valley,US,2022-03-24 22:33:23,34.1142,-116.4322,82.18,18,5,5.01
383,Okoneshnikovo,RU,2022-03-24 22:33:23,54.8377,75.0834,9.14,97,57,7.05
384,Atikokan,CA,2022-03-24 22:33:24,48.7555,-91.6216,36.43,100,23,1.66
385,San Ignacio,BZ,2022-03-24 22:33:24,17.1561,-89.0714,76.66,94,76,4.72
386,Forbes,AU,2022-03-24 22:33:24,-33.3833,148.0167,67.91,60,7,6.85
387,Pimenta Bueno,BR,2022-03-24 22:33:25,-11.6725,-61.1936,76.24,97,96,2.37
388,Sabang,ID,2022-03-24 22:33:25,5.8933,95.3214,80.92,75,95,4.88
389,Kuvshinovo,RU,2022-03-24 22:33:26,57.0295,34.1725,29.91,98,59,3.76
390,Hualmay,PE,2022-03-24 22:33:26,-11.0964,-77.6139,71.51,80,46,9.95
391,West Wendover,US,2022-03-24 22:33:27,40.7391,-114.0733,65.41,26,0,4.61
392,Mount Gambier,AU,2022-03-24 22:33:28,-37.8333,140.7667,55.31,100,100,0.0
393,Clyde River,CA,2022-03-24 22:33:28,70.4692,-68.5914,-3.77,77,100,24.16
394,Xuanhua,CN,2022-03-24 22:33:28,40.6103,115.0447,37.89,45,100,6.91
395,Husavik,IS,2022-03-24 22:33:29,66.0449,-17.3389,23.38,78,100,13.04
396,Isiro,CD,2022-03-24 22:33:29,2.7739,27.616,68.72,68,26,1.81
397,Limache,CL,2022-03-24 22:33:30,-33.0167,-71.2667,74.1,37,0,2.93
398,Port Shepstone,ZA,2022-03-24 22:33:30,-30.7414,30.455,71.08,81,42,10.07
399,Kutum,SD,2022-03-24 22:33:30,14.2,24.6667,63.57,19,5,11.12
400,Poronaysk,RU,2022-03-24 22:33:31,49.2167,143.1167,24.21,86,51,2.19
401,Langxiang,CN,2022-03-24 22:33:31,46.95,128.8833,27.84,96,100,3.42
402,Kaitangata,NZ,2022-03-24 22:33:32,-46.2817,169.8464,60.48,50,0,2.77
403,Laguna,US,2022-03-24 22:33:32,38.421,-121.4238,84.69,32,0,5.75
404,Lagoa,PT,2022-03-24 22:33:32,39.05,-27.9833,59.54,86,100,31.81
405,Krasnoselkup,RU,2022-03-24 22:33:33,65.7,82.4667,14.22,95,99,13.09
406,Salta,AR,2022-03-24 22:29:15,-24.7859,-65.4117,61.39,59,75,9.22
407,Atambua,ID,2022-03-24 22:33:33,-9.1061,124.8925,75.2,85,51,0.92
408,Mehamn,NO,2022-03-24 22:33:34,71.0357,27.8492,30.11,78,99,37.4
409,Qui Nhon,VN,2022-03-24 22:33:34,13.7667,109.2333,77.18,89,9,4.25
410,Oriximina,BR,2022-03-24 22:33:35,-1.7656,-55.8661,76.37,93,54,3.38
411,Ormara,PK,2022-03-24 22:34:35,25.2088,64.6357,80.01,51,0,8.9
412,Menongue,AO,2022-03-24 22:34:35,-14.6585,17.691,63.41,98,100,3.4
413,Grootfontein,NA,2022-03-24 22:34:36,-19.5667,18.1167,62.17,100,76,3.44
414,Adrar,MR,2022-03-24 22:34:36,20.5022,-10.0711,69.22,28,0,13.35
415,Werda,BW,2022-03-24 22:34:37,-25.2667,23.2833,69.85,73,100,2.62
416,Deputatskiy,RU,2022-03-24 22:34:37,69.3,139.9,-8.07,94,35,2.68
417,Pecos,US,2022-03-24 22:29:54,31.4229,-103.4932,78.89,6,0,11.5
418,Hohhot,CN,2022-03-24 22:34:37,40.8106,111.6522,28.69,59,0,4.47
419,Shambu,ET,2022-03-24 22:34:38,9.5667,37.1,55.09,67,82,1.25
420,Dali,CN,2022-03-24 22:34:38,25.7,100.1833,49.71,88,69,4.56
421,Luderitz,NA,2022-03-24 22:34:39,-26.6481,15.1594,64.54,80,0,16.55
422,Changqing,CN,2022-03-24 22:34:39,36.5575,116.7272,53.24,88,96,4.43
423,Comodoro Rivadavia,AR,2022-03-24 22:30:40,-45.8667,-67.5,64.26,39,0,10.36
424,Georgetown,MY,2022-03-24 22:34:40,5.4112,100.3354,80.53,93,20,2.3
425,Diamantino,BR,2022-03-24 22:34:40,-14.4086,-56.4461,76.26,89,61,3.98
426,Goderich,CA,2022-03-24 22:34:41,43.7501,-81.7165,45.91,75,100,18.41
427,Bambanglipuro,ID,2022-03-24 22:34:41,-7.95,110.2833,77.05,88,98,3.11
428,Nadym,RU,2022-03-24 22:34:41,65.5333,72.5167,7.25,93,94,8.48
429,Jieshi,CN,2022-03-24 22:34:42,22.8134,115.8257,62.94,93,100,13.27
430,Winsum,NL,2022-03-24 22:32:59,53.33,6.5208,44.58,86,0,5.41
431,Zharkent,KZ,2022-03-24 22:34:42,44.1628,80.0,34.68,43,25,4.09
432,Puerto El Triunfo,SV,2022-03-24 22:34:43,13.2833,-88.55,92.32,65,38,9.64
433,Ucluelet,CA,2022-03-24 22:34:43,48.9329,-125.5528,50.09,82,100,1.01
434,Rocha,UY,2022-03-24 22:32:27,-34.4833,-54.3333,60.53,53,18,7.0
435,Severo-Kurilsk,RU,2022-03-24 22:34:44,50.6789,156.125,29.95,69,98,10.11
436,Fomboni,KM,2022-03-24 22:34:44,-12.28,43.7425,83.21,75,78,6.73
437,Seymchan,RU,2022-03-24 22:33:16,62.8833,152.4333,4.71,89,100,2.08
438,Rio Grande,BR,2022-03-24 22:30:25,-32.035,-52.0986,69.94,76,86,9.78
439,Jiuquan,CN,2022-03-24 22:34:45,39.7432,98.5174,33.06,57,100,6.06
440,Tosya,TR,2022-03-24 22:34:45,41.0155,34.0401,29.52,83,100,3.47
441,Aste,IT,2022-03-24 22:34:46,45.7906,11.0961,46.17,43,0,2.42
442,Shizunai,JP,2022-03-24 22:34:46,42.3339,142.3669,35.28,83,14,7.96
443,Umm Kaddadah,SD,2022-03-24 22:34:47,13.6017,26.6876,68.2,16,68,17.27
444,Ardakan,IR,2022-03-24 22:34:47,32.31,54.0175,67.39,17,0,8.68
445,Souillac,MU,2022-03-24 22:34:47,-20.5167,57.5167,79.18,89,40,6.91
446,Chimore,BO,2022-03-24 22:34:52,-16.9833,-65.1333,74.8,97,100,1.88
447,Vanavara,RU,2022-03-24 22:34:52,60.34,102.2797,4.39,99,94,2.08
448,Mnogovershinnyy,RU,2022-03-24 22:34:53,53.9353,139.9242,22.87,82,17,2.51
449,Gallup,US,2022-03-24 22:34:53,35.5281,-108.7426,68.76,13,0,6.91
450,Nokaneng,BW,2022-03-24 22:34:54,-19.6667,22.2667,71.35,75,95,5.75
451,Santa Cruz Del Sur,CU,2022-03-24 22:34:54,20.7147,-77.9956,80.76,73,11,11.7
452,Killybegs,IE,2022-03-24 22:34:55,54.6333,-8.45,49.12,89,95,1.5
453,Ternate,ID,2022-03-24 22:34:55,0.8,127.4,79.47,81,100,4.97
454,La Ronge,CA,2022-03-24 22:34:55,55.1001,-105.2842,30.45,47,40,20.71
455,Marsa Matruh,EG,2022-03-24 22:34:56,31.3525,27.2453,55.6,58,75,11.5
456,Lingao,CN,2022-03-24 22:35:56,19.9103,109.6859,74.98,89,41,8.28
457,Tibagi,BR,2022-03-24 22:35:56,-24.5094,-50.4136,67.24,98,63,1.77
458,Ewa Beach,US,2022-03-24 22:35:57,21.3156,-158.0072,82.35,52,40,16.11
459,Invermere,CA,2022-03-24 22:35:57,50.5167,-116.0354,41.18,79,48,2.3
460,Sao Jose Da Coroa Grande,BR,2022-03-24 22:35:58,-8.8978,-35.1478,79.3,78,100,5.57
461,Bisira,PA,2022-03-24 22:35:58,8.5196,-81.7115,66.72,63,96,6.44
462,Cairns,AU,2022-03-24 22:35:59,-16.9167,145.7667,77.11,79,100,8.05
463,Starosubkhangulovo,RU,2022-03-24 22:35:59,53.1031,57.4423,30.54,96,100,8.59
464,Hazorasp,UZ,2022-03-24 22:35:59,41.3194,61.0742,40.84,64,76,16.78
465,Sorong,ID,2022-03-24 22:36:00,-0.8833,131.25,78.17,83,100,4.09
466,Belmonte,BR,2022-03-24 22:36:00,-15.8631,-38.8828,76.68,86,15,5.44
467,Laem Sing,TH,2022-03-24 22:36:01,12.4816,102.0738,83.14,100,6,2.08
468,Vicuna,CL,2022-03-24 22:36:01,-30.0319,-70.7081,55.13,36,0,3.24
469,Decatur,US,2022-03-24 22:32:59,39.8403,-88.9548,44.65,76,100,9.22
470,Fort Nelson,CA,2022-03-24 22:33:07,58.8053,-122.7002,22.59,46,20,0.0
471,Moranbah,AU,2022-03-24 22:36:02,-22.0016,148.0466,77.31,48,44,8.93
472,Koygorodok,RU,2022-03-24 22:36:02,60.445,50.9968,23.18,82,100,13.47
473,Tutoia,BR,2022-03-24 22:36:03,-2.7619,-42.2744,77.09,87,90,5.79
474,Tsiroanomandidy,MG,2022-03-24 22:36:03,-18.7667,46.0333,67.1,97,100,1.41
475,Stranda,NO,2022-03-24 22:36:03,62.3096,6.9358,48.54,83,100,10.58
476,Shimoda,JP,2022-03-24 22:36:04,34.6667,138.95,55.11,66,25,5.91
477,Ola,RU,2022-03-24 22:33:11,59.5833,151.2833,7.43,89,84,2.86
478,Petropavl,KZ,2022-03-24 22:36:05,54.8753,69.1628,29.46,88,78,15.57
479,Fortuna,US,2022-03-24 22:31:25,40.5982,-124.1573,57.92,83,75,14.97
480,Lasa,IT,2022-03-24 22:36:06,46.6166,10.7002,44.02,71,4,1.43
481,Shingu,JP,2022-03-24 22:36:06,33.7333,135.9833,53.82,59,22,3.27
482,Chekhov,RU,2022-03-24 22:36:07,55.1431,37.4711,28.35,97,49,2.42
483,Sangin,AF,2022-03-24 22:36:07,32.0728,64.8359,66.22,24,0,2.71
484,Moa,CU,2022-03-24 22:36:08,20.6569,-74.9403,78.91,75,10,13.58
485,Vila,PT,2022-03-24 22:36:08,42.0304,-8.1588,52.68,68,79,6.6
486,Vao,NC,2022-03-24 22:36:08,-22.6667,167.4833,77.5,65,100,13.49
487,Seoul,KR,2022-03-24 22:34:46,37.5683,126.9778,40.44,93,75,3.44
488,Mapiripan,CO,2022-03-24 22:36:09,2.8892,-72.1256,82.42,63,84,3.56
489,Srivardhan,IN,2022-03-24 22:36:09,18.0333,73.0167,80.13,70,98,3.22
490,Kirksville,US,2022-03-24 22:36:10,40.1948,-92.5833,39.56,86,100,8.05
491,Las Vegas,US,2022-03-24 22:34:31,36.175,-115.1372,84.11,12,0,5.75
492,Takaka,NZ,2022-03-24 22:36:11,-40.85,172.8,70.27,66,100,2.24
493,Sidi Ali,DZ,2022-03-24 22:36:11,36.0998,0.4206,60.57,44,100,17.67
494,Suluq,LY,2022-03-24 22:36:11,31.6682,20.2521,50.97,66,0,6.26
495,Kedrovyy,RU,2022-03-24 22:36:12,56.1667,91.8167,12.87,98,93,2.62
496,Rawson,AR,2022-03-24 22:36:12,-43.3002,-65.1023,58.19,64,0,12.93
497,Chaman,PK,2022-03-24 22:36:13,30.9236,66.4512,61.09,22,0,4.36
498,Opotiki,NZ,2022-03-24 22:37:13,-38.0833,177.2833,71.38,79,95,7.11
499,Castrillon,ES,2022-03-24 22:37:14,43.3979,-6.7922,43.79,92,8,2.08
500,Gigmoto,PH,2022-03-24 22:37:14,13.7796,124.39,80.89,84,35,10.11
501,San Policarpo,PH,2022-03-24 22:37:15,12.1791,125.5072,80.22,84,45,11.45
502,Chaupal,IN,2022-03-24 22:37:15,30.95,77.5833,45.0,45,1,4.81
503,Avdon,RU,2022-03-24 22:37:15,54.6667,55.7167,24.12,93,0,17.9
504,Shcherbynivka,UA,2022-03-24 22:37:16,48.3949,37.791,35.64,58,0,4.45
505,Bhandara,IN,2022-03-24 22:37:16,21.1667,79.65,81.75,32,62,2.3
506,Ambanja,MG,2022-03-24 22:37:17,-13.6833,48.45,74.98,93,100,2.68
507,Yar-Sale,RU,2022-03-24 22:37:17,66.8333,70.8333,-6.05,100,99,3.91
508,Terrace,CA,2022-03-24 22:32:48,54.5163,-128.6035,51.71,46,75,4.61
509,Necochea,AR,2022-03-24 22:37:18,-38.5473,-58.7368,61.27,85,84,4.94
510,Celestun,MX,2022-03-24 22:37:19,20.8667,-90.4,72.59,68,100,16.62
511,Kapoeta,SS,2022-03-24 22:37:20,4.7717,33.5903,78.85,58,100,13.22
512,Qandala,SO,2022-03-24 22:37:20,11.472,49.8728,76.57,77,9,4.21
513,Rossosh,RU,2022-03-24 22:37:20,51.1209,38.5116,23.63,85,4,4.43
514,Aborlan,PH,2022-03-24 22:37:21,9.4352,118.5492,80.42,83,87,4.23
515,Partapur,IN,2022-03-24 22:37:21,23.6,74.1667,81.39,17,15,1.57
516,Salto,UY,2022-03-24 22:35:16,-31.3833,-57.9667,62.87,68,40,11.99
517,Sibiti,CG,2022-03-24 22:37:22,-3.6819,13.3499,70.99,94,14,1.21
518,Praya,CV,2022-03-24 22:37:22,14.9215,-23.5087,68.54,73,20,21.85
519,Ust-Kuyga,RU,2022-03-24 22:37:23,70.0167,135.6,-11.16,100,99,4.76
520,Midland,US,2022-03-24 22:35:41,31.9974,-102.0779,79.05,10,0,11.5
521,Pacific Grove,US,2022-03-24 22:37:23,36.6177,-121.9166,74.39,83,40,9.22
522,Niamtougou,TG,2022-03-24 22:37:24,9.7681,1.1053,81.43,47,38,0.94
523,Boguchany,RU,2022-03-24 22:37:24,58.3814,97.4531,12.24,98,97,2.86
524,Amol,IR,2022-03-24 22:37:24,36.4696,52.3507,43.38,86,20,7.74
525,Asfi,MA,2022-03-24 22:33:41,32.2994,-9.2372,55.74,72,57,6.4
526,Acajutla,SV,2022-03-24 22:37:25,13.5928,-89.8275,84.92,66,43,6.96
527,Odweyne,SO,2022-03-24 22:37:26,9.4092,45.064,70.59,69,17,7.34
528,Ishigaki,JP,2022-03-24 22:37:26,24.3448,124.1572,71.73,83,100,11.5
529,Kupang,ID,2022-03-24 22:37:26,-10.1667,123.5833,79.7,86,93,2.15
530,Te Anau,NZ,2022-03-24 22:37:27,-45.4167,167.7167,58.68,57,8,0.58
531,Atbasar,KZ,2022-03-24 22:37:27,51.8,68.3333,30.04,89,100,10.76
532,Ginir,ET,2022-03-24 22:37:28,7.1333,40.7,61.54,77,72,4.07
533,Vanimo,PG,2022-03-24 22:37:28,-2.6741,141.3028,80.67,82,93,3.49
534,Port Augusta,AU,2022-03-24 22:37:28,-32.5,137.7667,64.98,45,2,8.25
535,Suez,EG,2022-03-24 22:37:29,29.9737,32.5263,51.89,63,12,6.58
536,Kavieng,PG,2022-03-24 22:37:29,-2.5744,150.7967,84.88,65,64,8.77
537,Mount Isa,AU,2022-03-24 22:37:30,-20.7333,139.5,80.37,44,36,8.05
538,Winslow,US,2022-03-24 22:37:30,35.0242,-110.6974,68.4,12,5,8.86
539,Waw,SS,2022-03-24 22:37:30,7.7029,27.9953,83.91,26,1,5.57
540,Ugoofaaru,MV,2022-03-24 22:37:31,5.6667,73.0,82.26,64,4,11.7
541,Pospelikha,RU,2022-03-24 22:37:31,51.95,81.7667,16.2,96,85,7.25
542,Bubaque,GW,2022-03-24 22:37:32,11.2833,-15.8333,75.74,71,4,16.51
543,Barra,BR,2022-03-24 22:36:20,-11.0894,-43.1417,78.24,66,59,10.8
544,Manado,ID,2022-03-24 22:37:32,1.487,124.8455,75.97,100,20,0.0
545,Buluang,PH,2022-03-24 22:38:33,13.3068,123.3425,78.19,86,28,2.57
546,Tawau,MY,2022-03-24 22:38:33,4.2498,117.8871,75.33,94,27,1.01
547,Margate,GB,2022-03-24 22:35:57,51.3813,1.3862,50.31,75,0,1.01
548,Sukhobezvodnoye,RU,2022-03-24 22:38:33,57.0491,44.8891,31.73,95,100,8.25
549,Hirara,JP,2022-03-24 22:38:34,24.8,125.2833,70.07,83,75,12.66
550,Lamu,KE,2022-03-24 22:38:34,-2.2717,40.902,80.82,89,11,10.58
551,Ulundi,ZA,2022-03-24 22:38:35,-28.3352,31.4162,64.63,95,83,2.89
552,Mahon,ES,2022-03-24 22:38:35,39.8885,4.2658,55.96,88,100,16.11
553,Mackay,AU,2022-03-24 22:35:21,-21.15,149.2,77.68,83,43,6.91
554,Pinega,RU,2022-03-24 22:38:36,64.7001,43.3936,17.35,85,17,8.59
555,Mezen,RU,2022-03-24 22:38:36,65.8522,44.24,13.21,87,76,7.02
556,Grand Gaube,MU,2022-03-24 22:38:37,-20.0064,57.6608,79.2,86,16,13.13
557,Katherine,AU,2022-03-24 22:38:37,-14.4667,132.2667,75.52,83,97,0.0
558,Pundaguitan,PH,2022-03-24 22:38:37,6.3711,126.1689,81.16,77,99,14.2
559,Mahibadhoo,MV,2022-03-24 22:38:38,3.7833,72.9667,82.44,68,15,15.39
560,Palmer,US,2022-03-24 22:38:38,42.1584,-72.3287,42.85,86,100,10.36
561,Hervey Bay,AU,2022-03-24 22:35:51,-25.2986,152.8535,74.01,87,71,13.0
562,Pavlovsk,RU,2022-03-24 22:38:39,50.4578,40.1081,22.82,87,0,3.58
563,Ketchikan,US,2022-03-24 22:38:39,55.3422,-131.6461,48.18,61,100,9.22
564,Nhulunbuy,AU,2022-03-24 22:38:40,-12.2333,136.7667,77.61,94,40,12.66
565,Awallan,PH,2022-03-24 22:38:40,17.9244,121.913,77.0,88,17,2.89
566,Wildwood,US,2022-03-24 22:38:40,38.5828,-90.6629,43.84,84,100,9.22
567,Maridi,SS,2022-03-24 22:38:41,4.9158,29.4742,74.53,44,81,2.71
568,Zhenjiang,CN,2022-03-24 22:38:41,32.2092,119.4342,55.8,95,100,1.01
569,Ouallam,NE,2022-03-24 22:38:42,14.3188,2.0866,91.27,12,79,10.51
570,Nampula,MZ,2022-03-24 22:38:42,-15.1165,39.2666,75.15,94,75,4.61
571,Domoni,KM,2022-03-24 22:38:42,-12.2569,44.5319,80.19,84,70,5.48
572,Nyagan,RU,2022-03-24 22:38:43,62.1406,65.3936,31.82,97,100,11.39
573,Oum Hadjer,TD,2022-03-24 22:38:43,13.2954,19.6966,80.01,14,9,16.96
574,Sotnikovo,RU,2022-03-24 22:38:44,51.8845,107.4791,14.09,85,100,2.24
575,Khor,RU,2022-03-24 22:38:44,47.8861,134.9464,29.77,94,100,8.97
576,Abeche,TD,2022-03-24 22:38:44,13.8292,20.8324,77.2,14,9,12.62
577,Jutai,BR,2022-03-24 22:38:45,-5.1833,-68.9,75.94,96,77,2.06
578,Kuala Terengganu,MY,2022-03-24 22:36:53,5.3302,103.1408,78.75,94,40,0.0
579,Gela,IT,2022-03-24 22:38:45,37.0803,14.2307,51.58,67,1,3.91
580,Buala,SB,2022-03-24 22:38:46,-8.145,159.5921,82.04,79,98,3.11
581,Bartica,GY,2022-03-24 22:38:46,6.4,-58.6167,80.92,98,100,2.84
582,Yerbogachen,RU,2022-03-24 22:38:47,61.2767,108.0108,-4.72,100,93,3.51
583,Mantua,IT,2022-03-24 22:38:47,45.1667,10.7833,51.04,57,0,3.8
584,Nata,PA,2022-03-24 22:38:47,8.3333,-80.5167,85.35,56,85,17.4
585,Salalah,OM,2022-03-24 22:38:48,17.0151,54.0924,75.29,78,0,2.3
586,Shelburne,CA,2022-03-24 22:38:48,44.0787,-80.2041,45.36,89,100,12.75
587,Abu Dhabi,AE,2022-03-24 22:36:01,24.4667,54.3667,80.62,26,0,4.61
588,Mkuranga,TZ,2022-03-24 22:38:49,-7.118,39.2078,74.08,95,4,4.21
589,Aripuana,BR,2022-03-24 22:38:49,-9.1667,-60.6333,75.11,98,99,0.87
590,Tilichiki,RU,2022-03-24 22:38:50,60.4667,166.1,12.25,87,73,3.8
591,Uyuni,BO,2022-03-24 22:38:50,-20.4597,-66.825,55.69,25,3,5.95
592,Vodnyy,RU,2022-03-24 22:38:51,63.5046,53.4095,16.18,86,100,11.39
593,Vilhena,BR,2022-03-24 22:39:51,-12.7406,-60.1458,71.28,95,100,2.19
594,Adeje,ES,2022-03-24 22:39:52,28.1227,-16.726,61.32,62,20,6.91
595,Tignere,CM,2022-03-24 22:39:52,7.3667,12.65,72.97,21,39,0.92
596,Bereda,ES,2022-03-24 22:39:52,43.2686,-7.5406,46.58,98,17,3.33
597,Betioky,MG,2022-03-24 22:39:53,-23.7167,44.3833,71.2,79,1,0.56
598,El Derrumbo,EC,2022-03-24 22:39:53,-2.7833,-78.9667,61.41,63,75,8.05
599,Owando,CG,2022-03-24 22:39:54,-0.4819,15.8999,75.25,70,11,0.92
600,Lukovetskiy,RU,2022-03-24 22:39:54,64.2956,41.9211,17.74,85,8,6.46
601,Wuning,CN,2022-03-24 22:39:54,29.2589,120.2311,56.12,99,100,4.18
602,Aasiaat,GL,2022-03-24 22:39:55,68.7098,-52.8699,10.38,81,100,9.42
603,Biak,ID,2022-03-24 22:39:55,-0.9131,122.8766,77.36,77,100,2.04
604,Marawi,PH,2022-03-24 22:39:56,7.9986,124.2928,69.62,88,100,1.41
605,Kurayoshi,JP,2022-03-24 22:39:56,35.4333,133.8167,44.51,66,44,6.62
606,Gimli,CA,2022-03-24 22:39:56,50.6336,-96.9907,37.42,81,100,16.11
607,Borogontsy,RU,2022-03-24 22:39:57,62.6683,131.1683,12.83,95,98,4.32
608,Kibala,TD,2022-03-24 22:39:57,9.1104,18.3463,89.55,40,0,0.0
609,Verkhniye Kigi,RU,2022-03-24 22:39:58,55.4083,58.6044,31.8,89,100,17.56
610,Svetlaya,RU,2022-03-24 22:39:58,46.5389,138.3297,32.77,72,34,1.16
611,Nanakuli,US,2022-03-24 22:39:58,21.3906,-158.1547,84.15,51,20,11.5
612,Santa Cruz Cabralia,BR,2022-03-24 22:36:54,-16.2781,-39.0247,76.5,85,1,5.19
613,Yakeshi,CN,2022-03-24 22:39:59,49.2833,120.7333,23.25,96,100,4.81
614,Sfantu Gheorghe,RO,2022-03-24 22:37:30,45.8667,25.7833,41.67,76,69,3.87
615,Oskemen,KZ,2022-03-24 22:39:59,49.9565,82.6119,22.96,79,75,0.0
616,Launceston,AU,2022-03-24 22:40:00,-41.45,147.1667,58.8,87,3,3.44
617,Blythe,US,2022-03-24 22:40:01,33.6103,-114.5964,90.03,6,3,3.15
618,Ambilobe,MG,2022-03-24 22:40:01,-13.2,49.05,74.37,96,100,1.12
619,Tacoronte,ES,2022-03-24 22:40:02,28.4769,-16.4102,57.25,80,20,16.11
620,Phalombe,MW,2022-03-24 22:40:03,-15.8064,35.6507,67.66,93,5,0.27
621,Henties Bay,NA,2022-03-24 22:40:04,-22.116,14.2845,63.9,88,4,3.58
622,Dibulla,CO,2022-03-24 22:40:05,11.2725,-73.3091,83.01,65,49,9.28
623,Pandan,PH,2022-03-24 22:40:06,14.0453,124.1694,80.47,84,25,10.27
624,Ust-Tsilma,RU,2022-03-24 22:40:06,65.441,52.1498,14.76,87,92,10.11
625,Zhaozhou,CN,2022-03-24 22:40:07,45.6833,125.3167,37.49,60,20,17.49
626,Trelew,AR,2022-03-24 22:37:59,-43.249,-65.3051,58.06,63,0,12.77
627,Itaituba,BR,2022-03-24 22:40:07,-4.2761,-55.9836,75.31,98,47,2.68
628,Tukrah,LY,2022-03-24 22:40:08,32.5341,20.5791,53.37,68,2,9.06
629,Prince George,CA,2022-03-24 22:40:08,53.9166,-122.753,47.62,36,0,10.36
630,Pare,ID,2022-03-24 22:40:09,-7.7679,112.198,74.46,91,93,3.0
631,Payakumbuh,ID,2022-03-24 22:40:09,-0.2202,100.6308,66.79,66,60,2.51
632,Yucaipa,US,2022-03-24 22:40:10,34.0336,-117.0431,86.4,21,0,8.05
633,Boende,CD,2022-03-24 22:40:10,-0.2167,20.8667,73.2,87,87,3.36
634,Inndyr,NO,2022-03-24 22:40:11,67.0338,14.0276,30.24,80,100,3.02
635,Parabel,RU,2022-03-24 22:40:11,58.6978,81.4825,9.55,100,97,4.52
636,Naryan-Mar,RU,2022-03-24 22:40:11,67.6713,53.087,16.86,90,100,13.73
637,Petropavlovka,RU,2022-03-24 22:40:12,50.6114,105.3196,10.89,94,100,3.6
638,Baruun-Urt,MN,2022-03-24 22:40:12,46.6806,113.2792,20.19,89,81,7.07
639,Saint-Georges,GD,2022-03-24 22:40:13,12.0564,-61.7485,80.28,74,20,24.16
640,Kailua,US,2022-03-24 22:41:13,21.4022,-157.7394,84.18,64,4,8.01
641,Marrakesh,MA,2022-03-24 22:41:14,31.6315,-8.0083,53.67,76,75,5.75
642,Ahuimanu,US,2022-03-24 22:41:14,21.4447,-157.8378,83.91,59,40,16.11
643,Abu Kamal,SY,2022-03-24 22:41:14,34.4506,40.9171,51.31,56,17,10.4
644,Voh,NC,2022-03-24 22:41:15,-20.9667,164.7,80.31,78,50,0.56
645,Inta,RU,2022-03-24 22:41:15,66.0317,60.1659,10.58,93,100,8.08
646,Sayat,TM,2022-03-24 22:41:16,38.7839,63.8803,40.87,67,46,12.08
647,Caconda,AO,2022-03-24 22:41:16,-13.7333,15.0667,59.38,97,92,2.1
648,Kidal,ML,2022-03-24 22:41:17,18.4411,1.4078,83.41,14,93,7.38
649,Padang,ID,2022-03-24 22:41:17,-0.9492,100.3543,74.7,65,83,4.32
650,Tuatapere,NZ,2022-03-24 22:41:17,-46.1333,167.6833,62.6,48,21,0.54
651,Araouane,ML,2022-03-24 22:41:18,18.9048,-3.5265,83.05,12,89,3.02
652,Tautira,PF,2022-03-24 22:41:18,-17.7333,-149.15,81.03,73,43,10.71
653,Marivan,IR,2022-03-24 22:41:19,35.5219,46.176,35.53,80,86,4.05
654,Jining,CN,2022-03-24 22:41:19,35.405,116.5814,52.29,87,100,5.26
655,Lev Tolstoy,RU,2022-03-24 22:41:19,53.2134,39.446,31.33,94,100,3.6
656,Frontera,MX,2022-03-24 22:40:52,26.9333,-101.45,80.35,7,0,8.05
657,Atar,MR,2022-03-24 22:41:20,20.5169,-13.0499,70.68,28,0,10.04
658,Roald,NO,2022-03-24 22:41:20,62.5833,6.1333,49.33,93,75,24.16
659,Sakakah,SA,2022-03-24 22:41:21,29.9697,40.2064,51.37,47,0,7.54
660,Mareeba,AU,2022-03-24 22:41:22,-17.0,145.4333,72.48,90,100,1.66
661,Gerash,IR,2022-03-24 22:41:22,27.6652,54.1371,70.23,21,0,4.56
662,Ximei,CN,2022-03-24 22:41:22,24.9639,118.3794,61.65,94,100,0.92
663,Ponnampet,IN,2022-03-24 22:41:23,12.15,75.9333,67.73,97,84,1.39
664,Bikaner,IN,2022-03-24 22:41:23,28.0167,73.3,77.47,16,0,7.52
665,Ilek,RU,2022-03-24 22:41:23,51.5271,53.3831,21.76,97,84,8.08
666,Ravar,IR,2022-03-24 22:41:24,31.2656,56.8055,69.37,15,7,14.61
667,Yangambi,CD,2022-03-24 22:41:24,0.8102,24.4336,73.31,80,41,2.59
668,Gualaquiza,EC,2022-03-24 22:41:25,-3.4,-78.55,68.29,97,87,0.81
669,Wheatley,GB,2022-03-24 22:41:25,51.7473,-1.1394,48.09,72,0,3.44
670,La Ligua,CL,2022-03-24 22:41:26,-32.4524,-71.2311,66.06,52,0,3.76
671,Caxias,PT,2022-03-24 22:41:26,38.7031,-9.2767,56.48,81,75,13.8
672,Marondera,ZW,2022-03-24 22:41:26,-18.1853,31.5519,58.14,90,28,3.02
673,Chengde,CN,2022-03-24 22:41:27,40.9725,117.9361,42.28,76,100,5.23
674,Saint-Pierre,RE,2022-03-24 22:41:27,-21.3393,55.4781,76.91,83,0,3.44
675,Biryusinsk,RU,2022-03-24 22:41:28,55.9634,97.8235,9.55,92,97,4.07
676,Cabedelo,BR,2022-03-24 22:41:28,-6.9811,-34.8339,79.23,81,96,8.86
677,Awjilah,LY,2022-03-24 22:41:29,29.1081,21.2869,54.34,42,2,6.71
678,Shenkursk,RU,2022-03-24 22:41:29,62.1091,42.896,20.41,86,17,7.34
679,Valdemarpils,LV,2022-03-24 22:41:30,57.3707,22.5919,37.42,73,50,6.15
680,Susaki,JP,2022-03-24 22:41:30,33.3667,133.2833,46.47,63,32,2.37
681,Bell Ville,AR,2022-03-24 22:41:30,-32.6259,-62.6887,59.81,32,100,25.46
682,Camacha,PT,2022-03-24 22:41:31,33.0833,-16.3333,58.42,77,40,17.27
683,Valparaiso,CL,2022-03-24 22:41:31,-33.0393,-71.6273,75.43,40,0,18.41
684,Karasburg,NA,2022-03-24 22:41:32,-28.0167,18.75,69.6,54,0,11.81
685,Boa Vista,BR,2022-03-24 22:42:32,2.8197,-60.6733,83.82,63,95,4.38
686,Sterling,US,2022-03-24 22:38:10,39.0062,-77.4286,57.02,87,100,5.99
687,Santa Lucia,ES,2022-03-24 22:41:57,27.9117,-15.5407,55.76,59,20,9.22
688,Male,MV,2022-03-24 22:42:33,4.1748,73.5089,82.35,78,40,9.22
689,Boddam,GB,2022-03-24 22:42:33,57.4667,-1.7833,46.78,80,83,2.33
690,Villarrica,PY,2022-03-24 22:42:34,-25.75,-56.4333,70.03,98,83,7.65
691,Xique-Xique,BR,2022-03-24 22:42:34,-10.8218,-42.7263,82.8,58,47,12.44
692,Freeport,US,2022-03-24 22:39:26,40.6576,-73.5832,47.25,84,100,16.11
693,Ambon,ID,2022-03-24 22:42:35,-3.6954,128.1814,75.34,94,40,2.3
694,Marseille,FR,2022-03-24 22:40:18,43.3333,5.5,44.15,52,43,3.83
695,Tromso,NO,2022-03-24 22:42:35,69.6496,18.957,28.42,86,75,1.14
696,Karpogory,RU,2022-03-24 22:42:36,64.0019,44.4451,18.37,81,14,9.26
697,Ulladulla,AU,2022-03-24 22:42:36,-35.35,150.4667,65.77,85,88,2.98
698,Kiama,AU,2022-03-24 22:42:37,-34.6833,150.8667,68.0,97,98,5.08
699,Murwara,IN,2022-03-24 22:42:37,23.85,80.4,79.99,21,59,2.64
700,Wattegama,LK,2022-03-24 22:42:37,6.7989,81.4808,73.24,96,39,1.88
701,Velsk,RU,2022-03-24 22:42:38,61.0701,42.0983,20.89,84,57,5.99
702,Altagracia De Orituco,VE,2022-03-24 22:42:38,9.8601,-66.3814,76.62,68,23,7.85
703,Ankara,TR,2022-03-24 22:42:20,39.9199,32.8543,33.35,65,40,5.75
704,Leh,IN,2022-03-24 22:42:39,34.1667,77.5833,19.44,93,95,3.24
705,Chiang Rai,TH,2022-03-24 22:42:39,19.9167,99.9167,71.58,99,20,2.3
